"audience","source_file","component_symbols","route_paths","route_status","navigation_placement","surface_classification","visible_technical_indicators","notes"
"agency","frontend/src/pages/agency/AfterSalesPage.jsx","AfterSalesPage","/agency/after-sales","exact","advanced","specialist_tooling","metadata","Retained under collapsed Advanced navigation."
"agency","frontend/src/pages/agency/AgencyDashboardPage.jsx","AgencyDashboardPage","none found","orphan","orphan","orphan_or_unused","none","No route-registry reference found; review before removal."
"agency","frontend/src/pages/agency/AgencyOnboardingPage.jsx","AgencyOnboardingPage","/agency/onboarding","exact","contextual","contextual_detail","engineering","Canonical or contextual product surface."
"agency","frontend/src/pages/agency/AgencySettingsPage.jsx","AgencySettingsPage","/agency/settings","exact","primary","task_surface","none","Canonical or contextual product surface."
"agency","frontend/src/pages/agency/AgentWorkQueuePage.jsx","AgentWorkQueuePage","/agency/work-queue","exact","primary","task_surface","none","Canonical or contextual product surface."
"agency","frontend/src/pages/agency/AirlineContactDirectoryPage.jsx","AgencyAirlineContactDirectoryPage","/agency/airline-contact-directory","exact","advanced","specialist_tooling","none","Retained under collapsed Advanced navigation."
"agency","frontend/src/pages/agency/AirlineDistributionCapabilitiesPage.jsx","AgencyAirlineDistributionCapabilitiesPage","/agency/distribution-capabilities","exact","advanced","specialist_tooling","metadata","Retained under collapsed Advanced navigation."
"agency","frontend/src/pages/agency/AirlineEvidencePage.jsx","AgencyAirlineEvidencePage","/agency/airline-evidence","exact","advanced","specialist_tooling","none","Retained under collapsed Advanced navigation."
"agency","frontend/src/pages/agency/AirlineIntelligenceConsumptionPage.jsx","AgencyAirlineIntelligenceConsumptionPage","/agency/airline-intelligence-consumption","exact","advanced","specialist_tooling","none","Retained under collapsed Advanced navigation."
"agency","frontend/src/pages/agency/AirlineIntelligenceCoveragePage.jsx","AirlineIntelligenceCoveragePage","/agency/airline-intelligence-coverage","exact","advanced","specialist_tooling","metadata","Retained under collapsed Advanced navigation."
"agency","frontend/src/pages/agency/AirlineIntelligenceDetailPage.jsx","AirlineIntelligenceDetailPage","dynamic route in frontend/src/routes/RoutedApplication.jsx","dynamic","contextual","contextual_detail","none","Canonical or contextual product surface."
"agency","frontend/src/pages/agency/AirlineIntelligenceKnowledgeVersionsPage.jsx","AgencyAirlineIntelligenceKnowledgeVersionsPage","/agency/airline-intelligence-knowledge-versions","exact","advanced","specialist_tooling","metadata","Retained under collapsed Advanced navigation."
"agency","frontend/src/pages/agency/AirlineIntelligencePage.jsx","AirlineIntelligencePage","/agency/airline-intelligence","exact","contextual","contextual_detail","none","Canonical or contextual product surface."
"agency","frontend/src/pages/agency/AirlineIntelligenceReadinessPage.jsx","AgencyAirlineIntelligenceReadinessPage","/agency/airline-intelligence-readiness","exact","advanced","specialist_tooling","none","Retained under collapsed Advanced navigation."
"agency","frontend/src/pages/agency/AirlineIntelligenceReviewCoveragePage.jsx","AirlineIntelligenceReviewCoveragePage","/agency/airline-intelligence-review-coverage","exact","advanced","specialist_tooling","metadata","Retained under collapsed Advanced navigation."
"agency","frontend/src/pages/agency/AirlineKnowledgeViewPage.jsx","AirlineKnowledgeViewPage","dynamic route in frontend/src/routes/RoutedApplication.jsx","dynamic","contextual","contextual_detail","none","Canonical or contextual product surface."
"agency","frontend/src/pages/agency/AirlinePolicyLibraryPage.jsx","AirlinePolicyLibraryPage","/agency/airline-policy-library","exact","advanced","foundation_or_metadata","foundation","Retained under collapsed Advanced navigation."
"agency","frontend/src/pages/agency/AirlineProfilesPage.jsx","AirlineProfilesPage","/agency/airline-profiles","exact","advanced","specialist_tooling","metadata","Retained under collapsed Advanced navigation."
"agency","frontend/src/pages/agency/AirlineServiceAdvisorPage.jsx","AirlineServiceAdvisorPage","/agency/airline-service-advisor","exact_and_dynamic","advanced","specialist_tooling","metadata","Retained under collapsed Advanced navigation."
"agency","frontend/src/pages/agency/AirlineServiceCoveragePage.jsx","AgencyAirlineServiceCoveragePage","/agency/airline-service-coverage","exact","advanced","specialist_tooling","none","Retained under collapsed Advanced navigation."
"agency","frontend/src/pages/agency/AncillaryPricingPage.jsx","AgencyAncillaryPricingPage","/agency/ancillary-pricing","exact","advanced","specialist_tooling","none","Retained under collapsed Advanced navigation."
"agency","frontend/src/pages/agency/AssignedBundlesPage.jsx","AssignedBundlesPage","/agency/assigned-bundles","exact","advanced","specialist_tooling","metadata","Retained under collapsed Advanced navigation."
"agency","frontend/src/pages/agency/BookingCreatePage.jsx","BookingCreatePage","none found","orphan","orphan","orphan_or_unused","none","No route-registry reference found; review before removal."
"agency","frontend/src/pages/agency/BookingDetailPage.jsx","BookingDetailPage","dynamic route in frontend/src/routes/RoutedApplication.jsx","dynamic","contextual","contextual_detail","none","Canonical or contextual product surface."
"agency","frontend/src/pages/agency/BookingHandoffsPage.jsx","BookingHandoffsPage","/agency/booking-handoffs","exact","advanced","specialist_tooling","metadata","Retained under collapsed Advanced navigation."
"agency","frontend/src/pages/agency/BookingImportsPage.jsx","BookingImportsPage","dynamic route in frontend/src/routes/RoutedApplication.jsx","dynamic","contextual","catalogue_or_governance","none","Canonical or contextual product surface."
"agency","frontend/src/pages/agency/BookingsPage.jsx","BookingsPage","dynamic route in frontend/src/routes/RoutedApplication.jsx","dynamic","contextual","contextual_detail","none","Canonical or contextual product surface."
"agency","frontend/src/pages/agency/BookingWorkspaceDetailPage.jsx","BookingWorkspaceDetailPage","dynamic route in frontend/src/routes/RoutedApplication.jsx","dynamic","contextual","contextual_detail","engineering","Canonical or contextual product surface."
"agency","frontend/src/pages/agency/BookingWorkspaceMetadataPage.jsx","BookingWorkspaceMetadataPage","/agency/booking-workspaces","exact","advanced","foundation_or_metadata","metadata","Retained under collapsed Advanced navigation."
"agency","frontend/src/pages/agency/BookingWorkspacesPage.jsx","BookingWorkspacesPage","dynamic route in frontend/src/routes/RoutedApplication.jsx","dynamic","contextual","contextual_detail","catalogue","Canonical or contextual product surface."
"agency","frontend/src/pages/agency/BundleDependenciesPage.jsx","BundleDependenciesPage","/agency/bundle-dependencies","exact","advanced","specialist_tooling","metadata","Retained under collapsed Advanced navigation."
"agency","frontend/src/pages/agency/BundleRolloutReadinessPage.jsx","BundleRolloutReadinessPage","/agency/bundle-rollout-readiness","exact","advanced","specialist_tooling","metadata","Retained under collapsed Advanced navigation."
"agency","frontend/src/pages/agency/CapabilitiesPage.jsx","CapabilitiesPage","/agency/capabilities","exact","advanced","specialist_tooling","metadata","Retained under collapsed Advanced navigation."
"agency","frontend/src/pages/agency/CapabilityMatrixPage.jsx","CapabilityMatrixPage","/agency/capability-matrix","exact","advanced","specialist_tooling","metadata","Retained under collapsed Advanced navigation."
"agency","frontend/src/pages/agency/ClientDetailPage.jsx","ClientDetailPage","dynamic route in frontend/src/routes/RoutedApplication.jsx","dynamic","contextual","contextual_detail","none","Canonical or contextual product surface."
"agency","frontend/src/pages/agency/ClientMasterPage.jsx","AgencyClientMasterPage","/agency/clients","exact_and_dynamic","primary","task_surface","none","Canonical or contextual product surface."
"agency","frontend/src/pages/agency/ClientsPage.jsx","ClientsPage","none found","orphan","orphan","orphan_or_unused","foundation","No route-registry reference found; review before removal."
"agency","frontend/src/pages/agency/CommunicationsPage.jsx","CommunicationsPage","/agency/communications","exact","primary","task_surface","none","Canonical or contextual product surface."
"agency","frontend/src/pages/agency/DeadlinesPage.jsx","DeadlinesPage","/agency/deadlines","exact","advanced","specialist_tooling","metadata","Retained under collapsed Advanced navigation."
"agency","frontend/src/pages/agency/DocumentDetailPage.jsx","DocumentDetailPage","dynamic route in frontend/src/routes/RoutedApplication.jsx","dynamic","contextual","diagnostics","metadata | diagnostics","Canonical or contextual product surface."
"agency","frontend/src/pages/agency/DocumentsPage.jsx","DocumentsPage","/agency/documents","exact","advanced","specialist_tooling","none","Retained under collapsed Advanced navigation."
"agency","frontend/src/pages/agency/DocumentStoragePage.jsx","DocumentStoragePage","/agency/document-storage","exact","contextual","contextual_detail","metadata","Canonical or contextual product surface."
"agency","frontend/src/pages/agency/DocumentTemplatesPage.jsx","DocumentTemplatesPage","/agency/document-templates","exact","contextual","contextual_detail","metadata","Canonical or contextual product surface."
"agency","frontend/src/pages/agency/DocumentWorkspacesPage.jsx","DocumentWorkspacesPage","/agency/document-workspaces","exact","primary","task_surface","none","Canonical or contextual product surface."
"agency","frontend/src/pages/agency/EmdDetailPage.jsx","EmdDetailPage","dynamic route in frontend/src/routes/RoutedApplication.jsx","dynamic","contextual","contextual_detail","catalogue","Canonical or contextual product surface."
"agency","frontend/src/pages/agency/EmdWorkspaceMetadataPage.jsx","EmdWorkspaceMetadataPage","/agency/emd-workspaces","exact","advanced","foundation_or_metadata","metadata | engineering","Retained under collapsed Advanced navigation."
"agency","frontend/src/pages/agency/FareBrandLibraryPage.jsx","AgencyFareBrandLibraryPage","/agency/fare-brand-library","exact","advanced","specialist_tooling","none","Retained under collapsed Advanced navigation."
"agency","frontend/src/pages/agency/FeatureAvailabilityPage.jsx","FeatureAvailabilityPage","/agency/feature-availability","exact","advanced","specialist_tooling","metadata","Retained under collapsed Advanced navigation."
"agency","frontend/src/pages/agency/FeatureBundlesPage.jsx","FeatureBundlesPage","/agency/feature-bundles","exact","advanced","specialist_tooling","metadata","Retained under collapsed Advanced navigation."
"agency","frontend/src/pages/agency/FeatureReadinessPage.jsx","FeatureReadinessPage","/agency/feature-readiness","exact","advanced","specialist_tooling","metadata","Retained under collapsed Advanced navigation."
"agency","frontend/src/pages/agency/FinanceDashboardPage.jsx","FinanceDashboardPage","dynamic route in frontend/src/routes/RoutedApplication.jsx","dynamic","contextual","contextual_detail","none","Canonical or contextual product surface."
"agency","frontend/src/pages/agency/FlightWorkspacesPage.jsx","FlightWorkspacesPage","/agency/flight-workspaces","exact","advanced","specialist_tooling","metadata","Retained under collapsed Advanced navigation."
"agency","frontend/src/pages/agency/FormProfilesPage.jsx","FormProfilesPage","/agency/settings/forms","exact","advanced","specialist_tooling","engineering","Retained under collapsed Advanced navigation."
"agency","frontend/src/pages/agency/GdsParserPage.jsx","GdsParserPage","/agency/gds-parser","exact_and_dynamic","advanced","catalogue_or_governance","none","Retained under collapsed Advanced navigation."
"agency","frontend/src/pages/agency/ImportTemplatesPage.jsx","ImportTemplatesPage","/agency/import-templates","exact","advanced","catalogue_or_governance","metadata","Retained under collapsed Advanced navigation."
"agency","frontend/src/pages/agency/IntelligenceCasesPage.jsx","IntelligenceCasesPage","/agency/intelligence-cases","exact","advanced","specialist_tooling","metadata","Retained under collapsed Advanced navigation."
"agency","frontend/src/pages/agency/InterlineCodeshareAdvisorPage.jsx","AgencyInterlineCodeshareAdvisorPage","/agency/interline-codeshare-advisor","exact","advanced","specialist_tooling","none","Retained under collapsed Advanced navigation."
"agency","frontend/src/pages/agency/InvoiceDetailPage.jsx","InvoiceDetailPage","dynamic route in frontend/src/routes/RoutedApplication.jsx","dynamic","contextual","contextual_detail","none","Canonical or contextual product surface."
"agency","frontend/src/pages/agency/InvoicesPage.jsx","InvoicesPage","dynamic route in frontend/src/routes/RoutedApplication.jsx","dynamic","contextual","contextual_detail","none","Canonical or contextual product surface."
"agency","frontend/src/pages/agency/JourneyAuthoringWorkspacePage.jsx","JourneyAuthoringWorkspacePage","/agency/journey-authoring","exact","contextual","contextual_detail","engineering","Canonical or contextual product surface."
"agency","frontend/src/pages/agency/JourneyComparisonPresentationWorkspacePage.jsx","JourneyComparisonPresentationWorkspacePage","/agency/journey-comparison-presentations","exact","contextual","contextual_detail","engineering","Canonical or contextual product surface."
"agency","frontend/src/pages/agency/JourneyOptionCompositionWorkspacePage.jsx","JourneyOptionCompositionWorkspacePage","/agency/journey-option-composition","exact","contextual","contextual_detail","metadata | engineering","Canonical or contextual product surface."
"agency","frontend/src/pages/agency/JourneyWorkspacePage.jsx","JourneyWorkspacePage","/agency/journeys","exact","contextual","contextual_detail","metadata | engineering","Canonical or contextual product surface."
"agency","frontend/src/pages/agency/KnowledgeAcquisitionPage.jsx","KnowledgeAcquisitionPage","/agency/knowledge-acquisition","exact","advanced","specialist_tooling","metadata","Retained under collapsed Advanced navigation."
"agency","frontend/src/pages/agency/KnowledgeGovernancePage.jsx","KnowledgeGovernancePage","/agency/knowledge-governance","exact","advanced","catalogue_or_governance","metadata","Retained under collapsed Advanced navigation."
"agency","frontend/src/pages/agency/KnowledgeNormalisationPage.jsx","KnowledgeNormalisationPage","/agency/knowledge-normalisation","exact","advanced","specialist_tooling","metadata | engineering","Retained under collapsed Advanced navigation."
"agency","frontend/src/pages/agency/KnowledgePopulationToolkitPage.jsx","AgencyKnowledgePopulationToolkitPage","/agency/knowledge-population-toolkit","exact","advanced","specialist_tooling","metadata","Retained under collapsed Advanced navigation."
"agency","frontend/src/pages/agency/KnowledgeQualityAssurancePage.jsx","AgencyKnowledgeQualityAssurancePage","/agency/knowledge-quality-assurance","exact","advanced","specialist_tooling","metadata","Retained under collapsed Advanced navigation."
"agency","frontend/src/pages/agency/KnowledgeUpdatesPage.jsx","AgencyKnowledgeUpdatesPage","/agency/knowledge-updates","exact","advanced","specialist_tooling","none","Retained under collapsed Advanced navigation."
"agency","frontend/src/pages/agency/OfferBuilderPage.jsx","OfferBuilderPage","dynamic route in frontend/src/routes/RoutedApplication.jsx","dynamic","contextual","contextual_detail","none","Canonical or contextual product surface."
"agency","frontend/src/pages/agency/OfferCreatePage.jsx","OfferCreatePage","dynamic route in frontend/src/routes/RoutedApplication.jsx","dynamic","contextual","contextual_detail","engineering","Canonical or contextual product surface."
"agency","frontend/src/pages/agency/OfferDecisionExplanationsPage.jsx","AgencyOfferDecisionExplanationsPage","/agency/offer-decision-explanations","exact","advanced","specialist_tooling","none","Retained under collapsed Advanced navigation."
"agency","frontend/src/pages/agency/OfferDecisionExportAuditReviewsPage.jsx","AgencyOfferDecisionExportAuditReviewsPage","/agency/offer-decision-export-audit-reviews","exact","advanced","foundation_or_metadata","metadata | foundation","Retained under collapsed Advanced navigation."
"agency","frontend/src/pages/agency/OfferDecisionExportCompliancePage.jsx","AgencyOfferDecisionExportCompliancePage","/agency/offer-decision-export-compliance","exact","advanced","foundation_or_metadata","metadata | foundation","Retained under collapsed Advanced navigation."
"agency","frontend/src/pages/agency/OfferDecisionExportDeliveriesPage.jsx","AgencyOfferDecisionExportDeliveriesPage","/agency/offer-decision-export-deliveries","exact","advanced","specialist_tooling","metadata","Retained under collapsed Advanced navigation."
"agency","frontend/src/pages/agency/OfferDecisionExportDeliveryOutcomesPage.jsx","AgencyOfferDecisionExportDeliveryOutcomesPage","/agency/offer-decision-export-delivery-outcomes","exact","advanced","specialist_tooling","metadata","Retained under collapsed Advanced navigation."
"agency","frontend/src/pages/agency/OfferDecisionExportGovernancePage.jsx","AgencyOfferDecisionExportGovernancePage","/agency/offer-decision-export-governance","exact","advanced","foundation_or_metadata","metadata | foundation","Retained under collapsed Advanced navigation."
"agency","frontend/src/pages/agency/OfferDecisionExportPreviewsPage.jsx","AgencyOfferDecisionExportPreviewsPage","/agency/offer-decision-export-previews","exact","advanced","specialist_tooling","metadata","Retained under collapsed Advanced navigation."
"agency","frontend/src/pages/agency/OfferDecisionExportReleasesPage.jsx","AgencyOfferDecisionExportReleasesPage","/agency/offer-decision-export-releases","exact","advanced","specialist_tooling","metadata","Retained under collapsed Advanced navigation."
"agency","frontend/src/pages/agency/OfferDecisionExportsPage.jsx","AgencyOfferDecisionExportsPage","/agency/offer-decision-exports","exact","advanced","specialist_tooling","metadata","Retained under collapsed Advanced navigation."
"agency","frontend/src/pages/agency/OfferDecisionPacksPage.jsx","AgencyOfferDecisionPacksPage","/agency/offer-decision-packs","exact","advanced","specialist_tooling","none","Retained under collapsed Advanced navigation."
"agency","frontend/src/pages/agency/OfferDeliveryContextPage.jsx","OfferDeliveryContextPage","/agency/offer-deliveries","exact","contextual","contextual_detail","none","Canonical or contextual product surface."
"agency","frontend/src/pages/agency/OfferDetailPage.jsx","OfferDetailPage","none found","orphan","orphan","orphan_or_unused","none","No route-registry reference found; review before removal."
"agency","frontend/src/pages/agency/OfferIntelligencePage.jsx","OfferIntelligencePage","/agency/offer-intelligence","exact","advanced","specialist_tooling","metadata","Retained under collapsed Advanced navigation."
"agency","frontend/src/pages/agency/OfferPolicyAdvisorPage.jsx","AgencyOfferPolicyAdvisorPage","/agency/offer-policy-advisor","exact_and_dynamic","advanced","specialist_tooling","metadata","Retained under collapsed Advanced navigation."
"agency","frontend/src/pages/agency/OffersPage.jsx","OffersPage","none found","orphan","orphan","orphan_or_unused","none","No route-registry reference found; review before removal."
"agency","frontend/src/pages/agency/OfferWorkspaceDetailPage.jsx","OfferWorkspaceDetailPage","dynamic route in frontend/src/routes/RoutedApplication.jsx","dynamic","contextual","contextual_detail","engineering","Canonical or contextual product surface."
"agency","frontend/src/pages/agency/OfferWorkspaceMetadataPage.jsx","OfferWorkspaceMetadataPage","/agency/offer-workspaces","exact","contextual","foundation_or_metadata","metadata","Canonical or contextual product surface."
"agency","frontend/src/pages/agency/OfferWorkspacesPage.jsx","OfferWorkspacesPage","dynamic route in frontend/src/routes/RoutedApplication.jsx","dynamic","contextual","contextual_detail","none","Canonical or contextual product surface."
"agency","frontend/src/pages/agency/OperationalConstraintsPage.jsx","AgencyOperationalConstraintsPage","/agency/operational-constraints","exact","advanced","specialist_tooling","metadata","Retained under collapsed Advanced navigation."
"agency","frontend/src/pages/agency/OperationalEvaluationsPage.jsx","OperationalEvaluationsPage","/agency/operational-evaluations","exact","advanced","specialist_tooling","metadata","Retained under collapsed Advanced navigation."
"agency","frontend/src/pages/agency/OperationalIntelligencePage.jsx","OperationalIntelligencePage","/agency/operational-intelligence","exact","advanced","specialist_tooling","metadata | engineering","Retained under collapsed Advanced navigation."
"agency","frontend/src/pages/agency/OperationalWorkflowsPage.jsx","AgencyOperationalWorkflowsPage","/agency/operational-workflows","exact","advanced","diagnostics","diagnostics","Retained under collapsed Advanced navigation."
"agency","frontend/src/pages/agency/OperationsCommandCenterPage.jsx","OperationsCommandCenterPage","/agency | /agency/operations-command-center","exact","primary","task_surface","none","Compatibility aliases share this page component."
"agency","frontend/src/pages/agency/PassengerDetailPage.jsx","PassengerDetailPage","dynamic route in frontend/src/routes/RoutedApplication.jsx","dynamic","contextual","contextual_detail","none","Canonical or contextual product surface."
"agency","frontend/src/pages/agency/PassengerMasterPage.jsx","AgencyPassengerMasterPage","/agency/passengers","exact_and_dynamic","primary","task_surface","none","Canonical or contextual product surface."
"agency","frontend/src/pages/agency/PassengerServicesPage.jsx","PassengerServicesPage","/agency/passenger-services","exact","advanced","specialist_tooling","metadata | engineering","Retained under collapsed Advanced navigation."
"agency","frontend/src/pages/agency/PassengersPage.jsx","PassengersPage","none found","orphan","orphan","orphan_or_unused","engineering","No route-registry reference found; review before removal."
"agency","frontend/src/pages/agency/PassengerWorkspacesPage.jsx","PassengerWorkspacesPage","/agency/passenger-workspaces","exact","advanced","specialist_tooling","metadata","Retained under collapsed Advanced navigation."
"agency","frontend/src/pages/agency/PaymentsPage.jsx","PaymentsPage","dynamic route in frontend/src/routes/RoutedApplication.jsx","dynamic","contextual","contextual_detail","none","Canonical or contextual product surface."
"agency","frontend/src/pages/agency/PilotFeedbackPage.jsx","PilotFeedbackPage","/agency/pilot-feedback","exact","advanced","specialist_tooling","engineering","Retained under collapsed Advanced navigation."
"agency","frontend/src/pages/agency/PilotReadinessPage.jsx","AgencyPilotReadinessPage","/agency/pilot-readiness","exact","advanced","diagnostics","metadata | diagnostics","Retained under collapsed Advanced navigation."
"agency","frontend/src/pages/agency/PolicyComparisonPage.jsx","AgencyPolicyComparisonPage","/agency/policy-comparison","exact_and_dynamic","advanced","specialist_tooling","none","Retained under collapsed Advanced navigation."
"agency","frontend/src/pages/agency/PolicyEditorPage.jsx","PolicyEditorPage","/agency/policy-editor","exact","advanced","specialist_tooling","metadata","Retained under collapsed Advanced navigation."
"agency","frontend/src/pages/agency/PortalActionsPage.jsx","AgencyPortalActionsPage","/agency/portal-actions","exact","advanced","specialist_tooling","none","Retained under collapsed Advanced navigation."
"agency","frontend/src/pages/agency/PricingFormulaBuilderPage.jsx","AgencyPricingFormulaBuilderPage","/agency/pricing-formula-builder","exact","advanced","specialist_tooling","metadata","Retained under collapsed Advanced navigation."
"agency","frontend/src/pages/agency/PublishedKnowledgePage.jsx","AgencyPublishedKnowledgePage","/agency/published-knowledge","exact","advanced","specialist_tooling","metadata","Retained under collapsed Advanced navigation."
"agency","frontend/src/pages/agency/RecommendationsPage.jsx","RecommendationsPage","/agency/recommendations","exact","advanced","specialist_tooling","metadata","Retained under collapsed Advanced navigation."
"agency","frontend/src/pages/agency/ReferenceDataEnginePage.jsx","AgencyReferenceDataEnginePage","/agency/reference-data-engine","exact","advanced","catalogue_or_governance","metadata","Retained under collapsed Advanced navigation."
"agency","frontend/src/pages/agency/ReferenceDataPage.jsx","ReferenceDataPage","/agency/reference","exact","advanced","foundation_or_metadata","metadata | foundation | catalogue","Retained under collapsed Advanced navigation."
"agency","frontend/src/pages/agency/RefundExchangeCaseCreatePage.jsx","RefundExchangeCaseCreatePage","/agency/refunds-exchanges/new","exact_and_dynamic","contextual","contextual_detail","none","Canonical or contextual product surface."
"agency","frontend/src/pages/agency/RefundExchangeCaseDetailPage.jsx","RefundExchangeCaseDetailPage","dynamic route in frontend/src/routes/RoutedApplication.jsx","dynamic","contextual","contextual_detail","none","Canonical or contextual product surface."
"agency","frontend/src/pages/agency/RefundExchangeCasesPage.jsx","RefundExchangeCasesPage","/agency/refunds-exchanges","exact_and_dynamic","advanced","specialist_tooling","none","Retained under collapsed Advanced navigation."
"agency","frontend/src/pages/agency/ReportsPage.jsx","ReportsPage","/agency/reports","exact","primary","task_surface","none","Canonical or contextual product surface."
"agency","frontend/src/pages/agency/RequestCreatePage.jsx","RequestCreatePage","dynamic route in frontend/src/routes/RoutedApplication.jsx","dynamic","contextual","contextual_detail","catalogue | engineering","Canonical or contextual product surface."
"agency","frontend/src/pages/agency/RequestDetailPage.jsx","RequestDetailPage","dynamic route in frontend/src/routes/RoutedApplication.jsx","dynamic","contextual","contextual_detail","none","Canonical or contextual product surface."
"agency","frontend/src/pages/agency/RequestIntakeDetailPage.jsx","RequestIntakeDetailPage","dynamic route in frontend/src/routes/RoutedApplication.jsx","dynamic","contextual","contextual_detail","none","Canonical or contextual product surface."
"agency","frontend/src/pages/agency/RequestIntakesListPage.jsx","RequestIntakesListPage","/agency/request-intakes","exact","advanced","specialist_tooling","none","Retained under collapsed Advanced navigation."
"agency","frontend/src/pages/agency/RequestSegmentServicesPage.jsx","RequestSegmentServicesPage","/agency/request-segment-services","exact","advanced","specialist_tooling","metadata","Retained under collapsed Advanced navigation."
"agency","frontend/src/pages/agency/RequestsPage.jsx","RequestsPage","dynamic route in frontend/src/routes/RoutedApplication.jsx","dynamic","contextual","contextual_detail","none","Canonical or contextual product surface."
"agency","frontend/src/pages/agency/RequestTripConversionPage.jsx","RequestTripConversionPage","/agency/request-trip-conversion","exact","advanced","specialist_tooling","metadata | engineering","Retained under collapsed Advanced navigation."
"agency","frontend/src/pages/agency/RolloutApprovalPage.jsx","RolloutApprovalPage","/agency/rollout-approval","exact","advanced","specialist_tooling","metadata","Retained under collapsed Advanced navigation."
"agency","frontend/src/pages/agency/RolloutChangeRequestsPage.jsx","RolloutChangeRequestsPage","/agency/rollout-change-requests","exact","advanced","specialist_tooling","metadata","Retained under collapsed Advanced navigation."
"agency","frontend/src/pages/agency/RolloutDashboardPage.jsx","AgencyRolloutDashboardPage","/agency/rollout-dashboard","exact","advanced","specialist_tooling","metadata","Retained under collapsed Advanced navigation."
"agency","frontend/src/pages/agency/RolloutDecisionsPage.jsx","RolloutDecisionsPage","/agency/rollout-decisions","exact","advanced","specialist_tooling","metadata","Retained under collapsed Advanced navigation."
"agency","frontend/src/pages/agency/RolloutIssuesPage.jsx","RolloutIssuesPage","/agency/rollout-issues","exact","advanced","specialist_tooling","metadata","Retained under collapsed Advanced navigation."
"agency","frontend/src/pages/agency/RolloutPlansPage.jsx","RolloutPlansPage","/agency/rollout-plans","exact","advanced","specialist_tooling","metadata","Retained under collapsed Advanced navigation."
"agency","frontend/src/pages/agency/RolloutRisksPage.jsx","RolloutRisksPage","/agency/rollout-risks","exact","advanced","specialist_tooling","metadata","Retained under collapsed Advanced navigation."
"agency","frontend/src/pages/agency/RolloutRollbackPlansPage.jsx","RolloutRollbackPlansPage","/agency/rollout-rollback-plans","exact","advanced","specialist_tooling","metadata","Retained under collapsed Advanced navigation."
"agency","frontend/src/pages/agency/RolloutSchedulePage.jsx","RolloutSchedulePage","/agency/rollout-schedule","exact","advanced","specialist_tooling","metadata","Retained under collapsed Advanced navigation."
"agency","frontend/src/pages/agency/RolloutSummaryPacksPage.jsx","RolloutSummaryPacksPage","/agency/rollout-summary-packs","exact","advanced","specialist_tooling","metadata","Retained under collapsed Advanced navigation."
"agency","frontend/src/pages/agency/RolloutTimelinePage.jsx","RolloutTimelinePage","/agency/rollout-timeline","exact","advanced","specialist_tooling","metadata","Retained under collapsed Advanced navigation."
"agency","frontend/src/pages/agency/RuleComposerPage.jsx","RuleComposerPage","/agency/rule-composer","exact","advanced","catalogue_or_governance","metadata","Retained under collapsed Advanced navigation."
"agency","frontend/src/pages/agency/SaaSSubscriptionPage.jsx","SaaSSubscriptionPage","/agency/saas-subscription","exact","advanced","specialist_tooling","metadata","Retained under collapsed Advanced navigation."
"agency","frontend/src/pages/agency/ScenarioTestingPage.jsx","AgencyScenarioTestingPage","/agency/scenario-testing","exact","advanced","specialist_tooling","metadata","Retained under collapsed Advanced navigation."
"agency","frontend/src/pages/agency/ServiceFeasibilityPage.jsx","ServiceFeasibilityPage","/agency/service-feasibility","exact","advanced","specialist_tooling","metadata","Retained under collapsed Advanced navigation."
"agency","frontend/src/pages/agency/ServiceMechanicsPage.jsx","AgencyServiceMechanicsPage","/agency/service-mechanics","exact_and_dynamic","advanced","specialist_tooling","engineering","Retained under collapsed Advanced navigation."
"agency","frontend/src/pages/agency/ServiceParameterTaxonomiesPage.jsx","ServiceParameterTaxonomiesPage","/agency/service-parameter-taxonomies","exact","advanced","specialist_tooling","metadata","Retained under collapsed Advanced navigation."
"agency","frontend/src/pages/agency/ServiceTaxonomyPage.jsx","AgencyServiceTaxonomyPage","/agency/service-taxonomy","exact_and_dynamic","advanced","catalogue_or_governance","engineering","Retained under collapsed Advanced navigation."
"agency","frontend/src/pages/agency/SpecialServicesPage.jsx","SpecialServicesPage","dynamic route in frontend/src/routes/RoutedApplication.jsx","dynamic","contextual","contextual_detail","metadata","Canonical or contextual product surface."
"agency","frontend/src/pages/agency/SupplierCostsPage.jsx","SupplierCostsPage","dynamic route in frontend/src/routes/RoutedApplication.jsx","dynamic","contextual","contextual_detail","none","Canonical or contextual product surface."
"agency","frontend/src/pages/agency/TaskAutomationPage.jsx","AgencyTaskAutomationPage","/agency/task-automation","exact","advanced","specialist_tooling","catalogue | engineering","Retained under collapsed Advanced navigation."
"agency","frontend/src/pages/agency/TicketDetailPage.jsx","TicketDetailPage","dynamic route in frontend/src/routes/RoutedApplication.jsx","dynamic","contextual","contextual_detail","none","Canonical or contextual product surface."
"agency","frontend/src/pages/agency/TicketsEmdsPage.jsx","TicketsEmdsPage","dynamic route in frontend/src/routes/RoutedApplication.jsx","dynamic","contextual","contextual_detail","catalogue","Canonical or contextual product surface."
"agency","frontend/src/pages/agency/TicketWorkspaceMetadataPage.jsx","TicketWorkspaceMetadataPage","/agency/ticket-workspaces","exact","advanced","foundation_or_metadata","metadata","Retained under collapsed Advanced navigation."
"agency","frontend/src/pages/agency/TimelinePage.jsx","TimelinePage","/agency/timeline","exact","advanced","specialist_tooling","metadata","Retained under collapsed Advanced navigation."
"agency","frontend/src/pages/agency/TravelRequestsPage.jsx","TravelRequestsPage","/agency/travel-requests","exact","advanced","specialist_tooling","metadata","Retained under collapsed Advanced navigation."
"agency","frontend/src/pages/agency/TravelWorkspacesPage.jsx","TravelWorkspacesPage","/agency/travel-workspaces","exact","advanced","specialist_tooling","metadata","Retained under collapsed Advanced navigation."
"agency","frontend/src/pages/agency/TripCreatePage.jsx","TripCreatePage","/agency/trips/new","exact","contextual","contextual_detail","none","Canonical or contextual product surface."
"agency","frontend/src/pages/agency/TripDetailPage.jsx","TripDetailPage","dynamic route in frontend/src/routes/RoutedApplication.jsx","dynamic","contextual","contextual_detail","none","Canonical or contextual product surface."
"agency","frontend/src/pages/agency/TripsPage.jsx","TripsPage","/agency/trips","exact_and_dynamic","primary","task_surface","none","Canonical or contextual product surface."
"agency","frontend/src/pages/agency/TripWorkspacesPage.jsx","TripWorkspacesPage","/agency/trip-workspaces","exact","advanced","specialist_tooling","metadata","Retained under collapsed Advanced navigation."
"agency","frontend/src/pages/agency/WebsiteBuilderPage.jsx","WebsiteBuilderPage","/agency/website","exact","advanced","specialist_tooling","none","Retained under collapsed Advanced navigation."
"agency","frontend/src/pages/agency/WebsiteMediaLibraryPage.jsx","WebsiteMediaLibraryPage","/agency/website/media","exact","advanced","specialist_tooling","none","Retained under collapsed Advanced navigation."
"agency","frontend/src/pages/agency/WorkflowEnginePage.jsx","WorkflowEnginePage","/agency/workflow-engine","exact","advanced","specialist_tooling","metadata | engineering","Retained under collapsed Advanced navigation."
"agency","frontend/src/pages/agency/WorkflowMaturityPage.jsx","AgencyWorkflowMaturityPage","/agency/workflow-maturity","exact","advanced","diagnostics","diagnostics","Retained under collapsed Advanced navigation."
"authentication","frontend/src/pages/auth/InviteAcceptPage.jsx","InviteAcceptPage","/invite/accept","exact","contextual","contextual_detail","none","Canonical or contextual product surface."
"authentication","frontend/src/pages/auth/LoginPage.jsx","LoginPage","/login","exact","contextual","contextual_detail","none","Canonical or contextual product surface."
"platform","frontend/src/pages/platform/AfterSalesDiagnosticsPage.jsx","PlatformAfterSalesDiagnosticsPage","/platform/after-sales","exact","advanced","diagnostics","metadata | diagnostics","Retained under collapsed Advanced navigation."
"platform","frontend/src/pages/platform/AirlineCapabilityMatrixPage.jsx","AirlineCapabilityMatrixPage","/platform/airline-capability-matrix","exact","advanced","specialist_tooling","metadata","Retained under collapsed Advanced navigation."
"platform","frontend/src/pages/platform/AirlineContactIntelligencePage.jsx","PlatformAirlineContactIntelligencePage","/platform/airline-contact-intelligence","exact","advanced","specialist_tooling","none","Retained under collapsed Advanced navigation."
"platform","frontend/src/pages/platform/AirlineDetailPage.jsx","AirlineDetailPage","dynamic route in frontend/src/routes/RoutedApplication.jsx","dynamic","contextual","contextual_detail","none","Canonical or contextual product surface."
"platform","frontend/src/pages/platform/AirlineDistributionCapabilitiesPage.jsx","PlatformAirlineDistributionCapabilitiesPage","/platform/airline-distribution-capabilities","exact","advanced","specialist_tooling","metadata","Retained under collapsed Advanced navigation."
"platform","frontend/src/pages/platform/AirlineEvidencePage.jsx","PlatformAirlineEvidencePage","/platform/airline-evidence","exact","advanced","specialist_tooling","metadata | engineering","Retained under collapsed Advanced navigation."
"platform","frontend/src/pages/platform/AirlineIntelligenceAgencyConsumptionPage.jsx","PlatformAirlineIntelligenceAgencyConsumptionPage","/platform/airline-intelligence-agency-consumption","exact","advanced","specialist_tooling","metadata","Retained under collapsed Advanced navigation."
"platform","frontend/src/pages/platform/AirlineIntelligenceDataPackReviewsPage.jsx","AirlineIntelligenceDataPackReviewsPage","/platform/airline-intelligence-data-pack-reviews","exact","advanced","specialist_tooling","metadata","Retained under collapsed Advanced navigation."
"platform","frontend/src/pages/platform/AirlineIntelligenceDataPacksPage.jsx","AirlineIntelligenceDataPacksPage","/platform/airline-intelligence-data-packs","exact","advanced","specialist_tooling","metadata","Retained under collapsed Advanced navigation."
"platform","frontend/src/pages/platform/AirlineIntelligenceKnowledgeVersionsPage.jsx","PlatformAirlineIntelligenceKnowledgeVersionsPage","/platform/airline-intelligence-knowledge-versions","exact","advanced","specialist_tooling","metadata","Retained under collapsed Advanced navigation."
"platform","frontend/src/pages/platform/AirlineIntelligenceReadinessPage.jsx","PlatformAirlineIntelligenceReadinessPage","/platform/airline-intelligence-readiness","exact","advanced","specialist_tooling","metadata | engineering","Retained under collapsed Advanced navigation."
"platform","frontend/src/pages/platform/AirlineKnowledgeAcquisitionPage.jsx","AirlineKnowledgeAcquisitionPage","/platform/airline-knowledge-acquisition","exact","advanced","specialist_tooling","metadata","Retained under collapsed Advanced navigation."
"platform","frontend/src/pages/platform/AirlineKnowledgeDetailPage.jsx","AirlineKnowledgeDetailPage","dynamic route in frontend/src/routes/RoutedApplication.jsx","dynamic","contextual","contextual_detail","none","Canonical or contextual product surface."
"platform","frontend/src/pages/platform/AirlineKnowledgeGovernancePage.jsx","AirlineKnowledgeGovernancePage","/platform/airline-knowledge-governance | /platform/airline-knowledge-releases","exact","advanced","catalogue_or_governance","metadata","Compatibility aliases share this page component."
"platform","frontend/src/pages/platform/AirlineKnowledgeNormalisationPage.jsx","AirlineKnowledgeNormalisationPage","/platform/airline-knowledge-normalisation","exact","advanced","specialist_tooling","metadata | engineering","Retained under collapsed Advanced navigation."
"platform","frontend/src/pages/platform/AirlineKnowledgePublishingPage.jsx","PlatformAirlineKnowledgePublishingPage","/platform/knowledge-publishing","exact","advanced","specialist_tooling","metadata","Retained under collapsed Advanced navigation."
"platform","frontend/src/pages/platform/AirlineKnowledgeVersionsPage.jsx","PlatformAirlineKnowledgeVersionsPage","/platform/knowledge-versions","exact","advanced","specialist_tooling","none","Retained under collapsed Advanced navigation."
"platform","frontend/src/pages/platform/AirlineMasterProfilesPage.jsx","AirlineMasterProfilesPage","/platform/airline-master-profiles","exact","advanced","specialist_tooling","catalogue | engineering","Retained under collapsed Advanced navigation."
"platform","frontend/src/pages/platform/AirlineOperationalIntelligencePage.jsx","AirlineOperationalIntelligencePage","/platform/airline-operational-intelligence","exact","advanced","specialist_tooling","metadata | engineering","Retained under collapsed Advanced navigation."
"platform","frontend/src/pages/platform/AirlinePolicyIngestionPage.jsx","AirlinePolicyIngestionPage","/platform/airline-policy-ingestion","exact","advanced","specialist_tooling","none","Retained under collapsed Advanced navigation."
"platform","frontend/src/pages/platform/AirlineRecommendationsPage.jsx","PlatformAirlineRecommendationsPage","/platform/airline-recommendations","exact","advanced","specialist_tooling","metadata","Retained under collapsed Advanced navigation."
"platform","frontend/src/pages/platform/AirlineServiceCoveragePage.jsx","PlatformAirlineServiceCoveragePage","/platform/airline-service-coverage","exact","advanced","specialist_tooling","none","Retained under collapsed Advanced navigation."
"platform","frontend/src/pages/platform/AirlinesPage.jsx","AirlinesPage","/platform/airlines","exact","primary","task_surface","none","Canonical or contextual product surface."
"platform","frontend/src/pages/platform/AncillaryPricingPage.jsx","PlatformAncillaryPricingPage","/platform/ancillary-pricing","exact","advanced","specialist_tooling","none","Retained under collapsed Advanced navigation."
"platform","frontend/src/pages/platform/BookingHandoffDiagnosticsPage.jsx","PlatformBookingHandoffDiagnosticsPage","/platform/booking-handoffs","exact","advanced","diagnostics","metadata | diagnostics","Retained under collapsed Advanced navigation."
"platform","frontend/src/pages/platform/BookingWorkspacesPage.jsx","PlatformBookingWorkspacesPage","/platform/booking-workspaces","exact","advanced","specialist_tooling","metadata","Retained under collapsed Advanced navigation."
"platform","frontend/src/pages/platform/CapabilityCatalogPage.jsx","PlatformCapabilityCatalogPage","/platform/capabilities","exact","advanced","catalogue_or_governance","metadata | catalogue","Retained under collapsed Advanced navigation."
"platform","frontend/src/pages/platform/ClientMasterPage.jsx","PlatformClientMasterPage","/platform/client-master","exact","advanced","specialist_tooling","metadata","Retained under collapsed Advanced navigation."
"platform","frontend/src/pages/platform/CommercialPilotReadinessPage.jsx","CommercialPilotReadinessPage","/platform/commercial-pilot-readiness","exact","advanced","specialist_tooling","none","Retained under collapsed Advanced navigation."
"platform","frontend/src/pages/platform/DocumentWorkspacesPage.jsx","PlatformDocumentWorkspacesPage","/platform/document-workspaces","exact","advanced","specialist_tooling","metadata","Retained under collapsed Advanced navigation."
"platform","frontend/src/pages/platform/EmdWorkspacesPage.jsx","PlatformEmdWorkspacesPage","/platform/emd-workspaces","exact","advanced","specialist_tooling","metadata | engineering","Retained under collapsed Advanced navigation."
"platform","frontend/src/pages/platform/FareBrandIntelligencePage.jsx","PlatformFareBrandIntelligencePage","/platform/fare-brand-intelligence","exact","advanced","specialist_tooling","engineering","Retained under collapsed Advanced navigation."
"platform","frontend/src/pages/platform/FeatureBundleAssignmentsPage.jsx","PlatformFeatureBundleAssignmentsPage","/platform/feature-bundle-assignments","exact","advanced","specialist_tooling","metadata","Retained under collapsed Advanced navigation."
"platform","frontend/src/pages/platform/FeatureBundleDependenciesPage.jsx","PlatformFeatureBundleDependenciesPage","/platform/feature-bundle-dependencies","exact","advanced","specialist_tooling","metadata","Retained under collapsed Advanced navigation."
"platform","frontend/src/pages/platform/FeatureBundleRolloutApprovalsPage.jsx","PlatformFeatureBundleRolloutApprovalsPage","/platform/feature-bundle-rollout-approvals","exact","advanced","specialist_tooling","metadata","Retained under collapsed Advanced navigation."
"platform","frontend/src/pages/platform/FeatureBundleRolloutChangeRequestsPage.jsx","PlatformFeatureBundleRolloutChangeRequestsPage","/platform/feature-bundle-rollout-change-requests","exact","advanced","specialist_tooling","metadata","Retained under collapsed Advanced navigation."
"platform","frontend/src/pages/platform/FeatureBundleRolloutDecisionsPage.jsx","PlatformFeatureBundleRolloutDecisionsPage","/platform/feature-bundle-rollout-decisions","exact","advanced","specialist_tooling","metadata","Retained under collapsed Advanced navigation."
"platform","frontend/src/pages/platform/FeatureBundleRolloutIssuesPage.jsx","PlatformFeatureBundleRolloutIssuesPage","/platform/feature-bundle-rollout-issues","exact","advanced","specialist_tooling","metadata","Retained under collapsed Advanced navigation."
"platform","frontend/src/pages/platform/FeatureBundleRolloutPlansPage.jsx","PlatformFeatureBundleRolloutPlansPage","/platform/feature-bundle-rollout-plans","exact","advanced","specialist_tooling","metadata","Retained under collapsed Advanced navigation."
"platform","frontend/src/pages/platform/FeatureBundleRolloutReadinessPage.jsx","PlatformFeatureBundleRolloutReadinessPage","/platform/feature-bundle-rollout-readiness","exact","advanced","specialist_tooling","metadata","Retained under collapsed Advanced navigation."
"platform","frontend/src/pages/platform/FeatureBundleRolloutRisksPage.jsx","PlatformFeatureBundleRolloutRisksPage","/platform/feature-bundle-rollout-risks","exact","advanced","specialist_tooling","metadata","Retained under collapsed Advanced navigation."
"platform","frontend/src/pages/platform/FeatureBundleRolloutRollbackPlansPage.jsx","PlatformFeatureBundleRolloutRollbackPlansPage","/platform/feature-bundle-rollout-rollback-plans","exact","advanced","specialist_tooling","metadata","Retained under collapsed Advanced navigation."
"platform","frontend/src/pages/platform/FeatureBundleRolloutSchedulePage.jsx","PlatformFeatureBundleRolloutSchedulePage","/platform/feature-bundle-rollout-schedule","exact","advanced","specialist_tooling","metadata","Retained under collapsed Advanced navigation."
"platform","frontend/src/pages/platform/FeatureBundleRolloutSummaryPacksPage.jsx","PlatformFeatureBundleRolloutSummaryPacksPage","/platform/feature-bundle-rollout-summary-packs","exact","advanced","specialist_tooling","metadata","Retained under collapsed Advanced navigation."
"platform","frontend/src/pages/platform/FeatureBundleRolloutTimelinePage.jsx","PlatformFeatureBundleRolloutTimelinePage","/platform/feature-bundle-rollout-timeline","exact","advanced","specialist_tooling","metadata","Retained under collapsed Advanced navigation."
"platform","frontend/src/pages/platform/FeatureFlagAuditPage.jsx","PlatformFeatureFlagAuditPage","/platform/feature-flag-audit","exact","advanced","specialist_tooling","metadata","Retained under collapsed Advanced navigation."
"platform","frontend/src/pages/platform/FeatureFlagBundlesPage.jsx","PlatformFeatureFlagBundlesPage","/platform/feature-flag-bundles","exact","advanced","specialist_tooling","metadata","Retained under collapsed Advanced navigation."
"platform","frontend/src/pages/platform/FeatureFlagsPage.jsx","PlatformFeatureFlagsPage","/platform/feature-flags","exact","advanced","specialist_tooling","metadata","Retained under collapsed Advanced navigation."
"platform","frontend/src/pages/platform/FlightWorkspacesPage.jsx","PlatformFlightWorkspacesPage","/platform/flight-workspaces","exact","advanced","specialist_tooling","metadata","Retained under collapsed Advanced navigation."
"platform","frontend/src/pages/platform/IntelligentOfferBuilderPage.jsx","PlatformIntelligentOfferBuilderPage","/platform/intelligent-offer-builder","exact","advanced","specialist_tooling","metadata","Retained under collapsed Advanced navigation."
"platform","frontend/src/pages/platform/InterlineCodeshareIntelligencePage.jsx","PlatformInterlineCodeshareIntelligencePage","/platform/interline-codeshare-intelligence","exact","advanced","specialist_tooling","metadata","Retained under collapsed Advanced navigation."
"platform","frontend/src/pages/platform/JourneyAuthoringDiagnosticsPage.jsx","PlatformJourneyAuthoringDiagnosticsPage","/platform/journey-authoring","exact","advanced","diagnostics","metadata | foundation | diagnostics | engineering","Retained under collapsed Advanced navigation."
"platform","frontend/src/pages/platform/JourneyComparisonPresentationDiagnosticsPage.jsx","PlatformJourneyComparisonPresentationDiagnosticsPage","/platform/journey-comparison-presentations","exact","advanced","diagnostics","metadata | diagnostics","Retained under collapsed Advanced navigation."
"platform","frontend/src/pages/platform/JourneyEnginePage.jsx","PlatformJourneyEnginePage","/platform/journey-engine","exact","advanced","diagnostics","diagnostics | engineering","Retained under collapsed Advanced navigation."
"platform","frontend/src/pages/platform/JourneyOptionCompositionDiagnosticsPage.jsx","PlatformJourneyOptionCompositionDiagnosticsPage","/platform/journey-option-compositions","exact","advanced","diagnostics","diagnostics","Retained under collapsed Advanced navigation."
"platform","frontend/src/pages/platform/KnowledgeImportTemplatesPage.jsx","PlatformKnowledgeImportTemplatesPage","/platform/knowledge-import-templates","exact","advanced","catalogue_or_governance","metadata","Retained under collapsed Advanced navigation."
"platform","frontend/src/pages/platform/KnowledgePopulationToolkitPage.jsx","PlatformKnowledgePopulationToolkitPage","/platform/knowledge-population-toolkit","exact","advanced","specialist_tooling","metadata","Retained under collapsed Advanced navigation."
"platform","frontend/src/pages/platform/KnowledgeQualityAssurancePage.jsx","PlatformKnowledgeQualityAssurancePage","/platform/knowledge-quality-assurance","exact","advanced","specialist_tooling","metadata","Retained under collapsed Advanced navigation."
"platform","frontend/src/pages/platform/OfferDecisionExplanationsPage.jsx","PlatformOfferDecisionExplanationsPage","/platform/offer-decision-explanations","exact","advanced","diagnostics","diagnostics","Retained under collapsed Advanced navigation."
"platform","frontend/src/pages/platform/OfferDecisionExportAuditReviewsPage.jsx","PlatformOfferDecisionExportAuditReviewsPage","/platform/offer-decision-export-audit-reviews","exact","advanced","diagnostics","metadata | diagnostics","Retained under collapsed Advanced navigation."
"platform","frontend/src/pages/platform/OfferDecisionExportCompliancePage.jsx","PlatformOfferDecisionExportCompliancePage","/platform/offer-decision-export-compliance","exact","advanced","diagnostics","metadata | diagnostics","Retained under collapsed Advanced navigation."
"platform","frontend/src/pages/platform/OfferDecisionExportDeliveriesPage.jsx","PlatformOfferDecisionExportDeliveriesPage","/platform/offer-decision-export-deliveries","exact","advanced","diagnostics","metadata | diagnostics","Retained under collapsed Advanced navigation."
"platform","frontend/src/pages/platform/OfferDecisionExportDeliveryOutcomesPage.jsx","PlatformOfferDecisionExportDeliveryOutcomesPage","/platform/offer-decision-export-delivery-outcomes","exact","advanced","diagnostics","metadata | diagnostics","Retained under collapsed Advanced navigation."
"platform","frontend/src/pages/platform/OfferDecisionExportGovernancePage.jsx","PlatformOfferDecisionExportGovernancePage","/platform/offer-decision-export-governance","exact","advanced","diagnostics","metadata | diagnostics","Retained under collapsed Advanced navigation."
"platform","frontend/src/pages/platform/OfferDecisionExportPreviewsPage.jsx","PlatformOfferDecisionExportPreviewsPage","/platform/offer-decision-export-previews","exact","advanced","diagnostics","metadata | diagnostics","Retained under collapsed Advanced navigation."
"platform","frontend/src/pages/platform/OfferDecisionExportReleasesPage.jsx","PlatformOfferDecisionExportReleasesPage","/platform/offer-decision-export-releases","exact","advanced","diagnostics","diagnostics","Retained under collapsed Advanced navigation."
"platform","frontend/src/pages/platform/OfferDecisionExportsPage.jsx","PlatformOfferDecisionExportsPage","/platform/offer-decision-exports","exact","advanced","diagnostics","metadata | diagnostics","Retained under collapsed Advanced navigation."
"platform","frontend/src/pages/platform/OfferDecisionPacksPage.jsx","PlatformOfferDecisionPacksPage","/platform/offer-decision-packs","exact","advanced","diagnostics","diagnostics","Retained under collapsed Advanced navigation."
"platform","frontend/src/pages/platform/OfferDeliveryDiagnosticsPage.jsx","PlatformOfferDeliveryDiagnosticsPage","/platform/offer-delivery-diagnostics","exact","advanced","diagnostics","diagnostics","Retained under collapsed Advanced navigation."
"platform","frontend/src/pages/platform/OfferPolicyAdvisorPage.jsx","PlatformOfferPolicyAdvisorPage","/platform/offer-policy-advisor","exact","advanced","diagnostics","diagnostics","Retained under collapsed Advanced navigation."
"platform","frontend/src/pages/platform/OfferWorkspacesPage.jsx","PlatformOfferWorkspacesPage","/platform/offer-workspaces","exact","advanced","specialist_tooling","metadata","Retained under collapsed Advanced navigation."
"platform","frontend/src/pages/platform/OperationalConstraintsPage.jsx","PlatformOperationalConstraintsPage","/platform/operational-constraints","exact","advanced","specialist_tooling","metadata","Retained under collapsed Advanced navigation."
"platform","frontend/src/pages/platform/OperationalEvaluationsPage.jsx","PlatformOperationalEvaluationsPage","/platform/operational-evaluations","exact","advanced","specialist_tooling","metadata","Retained under collapsed Advanced navigation."
"platform","frontend/src/pages/platform/OperationalIntelligenceCasesPage.jsx","PlatformOperationalIntelligenceCasesPage","/platform/operational-intelligence-cases","exact","advanced","specialist_tooling","metadata","Retained under collapsed Advanced navigation."
"platform","frontend/src/pages/platform/OperationalRuleComposerPage.jsx","PlatformOperationalRuleComposerPage","/platform/operational-rule-composer","exact","advanced","catalogue_or_governance","metadata","Retained under collapsed Advanced navigation."
"platform","frontend/src/pages/platform/OperationalScenarioTestingPage.jsx","PlatformOperationalScenarioTestingPage","/platform/operational-scenario-testing","exact","advanced","specialist_tooling","metadata","Retained under collapsed Advanced navigation."
"platform","frontend/src/pages/platform/OperationalTimelinesPage.jsx","PlatformOperationalTimelinesPage","/platform/operational-timelines","exact","advanced","specialist_tooling","metadata","Retained under collapsed Advanced navigation."
"platform","frontend/src/pages/platform/OperationalTravelWorkspacesPage.jsx","PlatformOperationalTravelWorkspacesPage","/platform/operational-travel-workspaces","exact","advanced","specialist_tooling","metadata","Retained under collapsed Advanced navigation."
"platform","frontend/src/pages/platform/OperationalWorkflowsPage.jsx","PlatformOperationalWorkflowsPage","/platform/operational-workflows","exact","advanced","diagnostics","metadata | diagnostics | engineering","Retained under collapsed Advanced navigation."
"platform","frontend/src/pages/platform/OperationsGovernancePage.jsx","PlatformOperationsGovernancePage","/platform/operations-governance","exact","advanced","catalogue_or_governance","metadata","Retained under collapsed Advanced navigation."
"platform","frontend/src/pages/platform/PassengerMasterPage.jsx","PlatformPassengerMasterPage","/platform/passenger-master","exact","advanced","specialist_tooling","metadata","Retained under collapsed Advanced navigation."
"platform","frontend/src/pages/platform/PassengerServiceFeasibilityPage.jsx","PlatformPassengerServiceFeasibilityPage","/platform/passenger-service-feasibility","exact","advanced","specialist_tooling","metadata","Retained under collapsed Advanced navigation."
"platform","frontend/src/pages/platform/PassengerServiceWorkflowsPage.jsx","PlatformPassengerServiceWorkflowsPage","/platform/passenger-service-workflows","exact","advanced","specialist_tooling","metadata","Retained under collapsed Advanced navigation."
"platform","frontend/src/pages/platform/PassengerWorkspacesPage.jsx","PlatformPassengerWorkspacesPage","/platform/passenger-workspaces","exact","advanced","specialist_tooling","metadata","Retained under collapsed Advanced navigation."
"platform","frontend/src/pages/platform/PilotFeedbackReviewPage.jsx","PilotFeedbackReviewPage","/platform/pilot-feedback","exact","advanced","specialist_tooling","none","Retained under collapsed Advanced navigation."
"platform","frontend/src/pages/platform/PilotOperationsReadinessPage.jsx","PlatformPilotOperationsReadinessPage","/platform/monitoring | /platform/pilot-operations","exact","primary","task_surface","diagnostics","Compatibility aliases share this page component."
"platform","frontend/src/pages/platform/PilotReadinessPage.jsx","PlatformPilotReadinessPage","/platform/pilot-readiness","exact","advanced","diagnostics","metadata | diagnostics","Retained under collapsed Advanced navigation."
"platform","frontend/src/pages/platform/PlatformAgenciesPage.jsx","PlatformAgenciesPage","/platform/agencies","exact","primary","task_surface","none","Canonical or contextual product surface."
"platform","frontend/src/pages/platform/PlatformAgencyDetailPage.jsx","PlatformAgencyDetailPage","dynamic route in frontend/src/routes/RoutedApplication.jsx","dynamic","contextual","contextual_detail","none","Canonical or contextual product surface."
"platform","frontend/src/pages/platform/PlatformAuditPage.jsx","PlatformAuditPage","/platform/audit","exact","primary","task_surface","none","Canonical or contextual product surface."
"platform","frontend/src/pages/platform/PlatformBlueprintPage.jsx","PlatformBlueprintPage","/platform/blueprint","exact","advanced","catalogue_or_governance","engineering","Retained under collapsed Advanced navigation."
"platform","frontend/src/pages/platform/PlatformDashboardPage.jsx","PlatformDashboardPage","/platform","exact","primary","task_surface","none","Canonical or contextual product surface."
"platform","frontend/src/pages/platform/PlatformDocumentTemplatesPage.jsx","PlatformDocumentTemplatesPage","/platform/document-templates | /platform/documents","exact","advanced","specialist_tooling","none","Compatibility aliases share this page component."
"platform","frontend/src/pages/platform/PlatformGdsParserPage.jsx","PlatformGdsParserPage","/platform/gds-parser","exact","advanced","foundation_or_metadata","foundation","Retained under collapsed Advanced navigation."
"platform","frontend/src/pages/platform/PlatformReferenceDataPage.jsx","PlatformReferenceDataPage","/platform/reference","exact_and_dynamic","primary","task_surface","metadata | catalogue | engineering","Canonical or contextual product surface."
"platform","frontend/src/pages/platform/PlatformRulesServicesPage.jsx","PlatformRulesServicesPage","/platform/rules-services","exact","advanced","foundation_or_metadata","foundation","Retained under collapsed Advanced navigation."
"platform","frontend/src/pages/platform/PlatformSettingsPage.jsx","PlatformSettingsPage","/platform/settings","exact","primary","task_surface","diagnostics","Canonical or contextual product surface."
"platform","frontend/src/pages/platform/PlatformUsersPage.jsx","PlatformUsersPage","/platform/users","exact","primary","task_surface","none","Canonical or contextual product surface."
"platform","frontend/src/pages/platform/PolicyComparisonPage.jsx","PlatformPolicyComparisonPage","/platform/policy-comparison","exact","advanced","specialist_tooling","metadata","Retained under collapsed Advanced navigation."
"platform","frontend/src/pages/platform/PricingFormulaBuilderPage.jsx","PlatformPricingFormulaBuilderPage","/platform/pricing-formula-builder","exact","advanced","specialist_tooling","metadata","Retained under collapsed Advanced navigation."
"platform","frontend/src/pages/platform/ReferenceDataEnginePage.jsx","PlatformReferenceDataEnginePage","/platform/reference-data-engine","exact","advanced","catalogue_or_governance","metadata","Retained under collapsed Advanced navigation."
"platform","frontend/src/pages/platform/RequestSegmentServicesPage.jsx","PlatformRequestSegmentServicesPage","/platform/request-segment-services","exact","advanced","specialist_tooling","metadata","Retained under collapsed Advanced navigation."
"platform","frontend/src/pages/platform/RequestTripConversionDiagnosticsPage.jsx","PlatformRequestTripConversionDiagnosticsPage","/platform/request-trip-conversion","exact","advanced","diagnostics","metadata | diagnostics","Retained under collapsed Advanced navigation."
"platform","frontend/src/pages/platform/RolloutDashboardPage.jsx","PlatformRolloutDashboardPage","/platform/rollout-dashboard","exact","advanced","specialist_tooling","metadata","Retained under collapsed Advanced navigation."
"platform","frontend/src/pages/platform/SaaSSubscriptionsPage.jsx","PlatformSaaSSubscriptionsPage","/platform/saas-subscriptions","exact","advanced","specialist_tooling","metadata","Retained under collapsed Advanced navigation."
"platform","frontend/src/pages/platform/ServiceMechanicsPage.jsx","PlatformServiceMechanicsPage","/platform/service-mechanics","exact","advanced","specialist_tooling","engineering","Retained under collapsed Advanced navigation."
"platform","frontend/src/pages/platform/ServiceParameterTaxonomiesPage.jsx","PlatformServiceParameterTaxonomiesPage","/platform/service-parameter-taxonomies","exact","advanced","specialist_tooling","metadata","Retained under collapsed Advanced navigation."
"platform","frontend/src/pages/platform/ServiceTaxonomyPage.jsx","PlatformServiceTaxonomyPage","/platform/service-taxonomy","exact","advanced","catalogue_or_governance","engineering","Retained under collapsed Advanced navigation."
"platform","frontend/src/pages/platform/SlaPoliciesPage.jsx","PlatformSlaPoliciesPage","/platform/sla-policies","exact","advanced","specialist_tooling","metadata","Retained under collapsed Advanced navigation."
"platform","frontend/src/pages/platform/SsrOsiWorkspacesPage.jsx","PlatformSsrOsiWorkspacesPage","/platform/ssr-osi-workspaces","exact","advanced","specialist_tooling","metadata","Retained under collapsed Advanced navigation."
"platform","frontend/src/pages/platform/TaskAutomationPage.jsx","PlatformTaskAutomationPage","/platform/task-automation","exact","advanced","specialist_tooling","metadata | engineering","Retained under collapsed Advanced navigation."
"platform","frontend/src/pages/platform/TicketWorkspacesPage.jsx","PlatformTicketWorkspacesPage","/platform/ticket-workspaces","exact","advanced","specialist_tooling","metadata","Retained under collapsed Advanced navigation."
"platform","frontend/src/pages/platform/TravelRequestWorkspacesPage.jsx","PlatformTravelRequestWorkspacesPage","/platform/travel-request-workspaces","exact","advanced","specialist_tooling","metadata","Retained under collapsed Advanced navigation."
"platform","frontend/src/pages/platform/TripWorkspacesPage.jsx","PlatformTripWorkspacesPage","/platform/trip-workspaces","exact","advanced","specialist_tooling","metadata","Retained under collapsed Advanced navigation."
"platform","frontend/src/pages/platform/VisualPolicyEditorPage.jsx","PlatformVisualPolicyEditorPage","/platform/visual-policy-editor","exact","primary","task_surface","none","Canonical or contextual product surface."
"platform","frontend/src/pages/platform/WorkflowMaturityPage.jsx","PlatformWorkflowMaturityPage","/platform/workflow-maturity","exact","advanced","specialist_tooling","none","Retained under collapsed Advanced navigation."
"platform","frontend/src/pages/platform/WorkQueueGovernancePage.jsx","PlatformWorkQueueGovernancePage","/platform/work-queues","exact","advanced","catalogue_or_governance","metadata | engineering","Retained under collapsed Advanced navigation."
"client_or_passenger_portal","frontend/src/pages/portal/PortalActionsPage.jsx","PortalActionsPage","/portal/actions","exact","contextual","contextual_detail","none","Canonical or contextual product surface."
"client_or_passenger_portal","frontend/src/pages/portal/PortalApprovalsPage.jsx","PortalApprovalsPage","/portal/approvals","exact","contextual","contextual_detail","none","Canonical or contextual product surface."
"client_or_passenger_portal","frontend/src/pages/portal/PortalAssistancePage.jsx","PortalAssistancePage","/portal/assistance","exact","primary","task_surface","none","Canonical or contextual product surface."
"client_or_passenger_portal","frontend/src/pages/portal/PortalBookingDetailPage.jsx","PortalBookingDetailPage","dynamic route in frontend/src/routes/RoutedApplication.jsx","dynamic","contextual","contextual_detail","none","Canonical or contextual product surface."
"client_or_passenger_portal","frontend/src/pages/portal/PortalBookingsPage.jsx","PortalBookingsPage","/portal/bookings","exact","contextual","contextual_detail","none","Canonical or contextual product surface."
"client_or_passenger_portal","frontend/src/pages/portal/PortalCommunicationDetailPage.jsx","PortalCommunicationDetailPage","dynamic route in frontend/src/routes/RoutedApplication.jsx","dynamic","contextual","contextual_detail","none","Canonical or contextual product surface."
"client_or_passenger_portal","frontend/src/pages/portal/PortalCommunicationsPage.jsx","PortalCommunicationsPage","/portal/communications","exact","primary","task_surface","none","Canonical or contextual product surface."
"client_or_passenger_portal","frontend/src/pages/portal/PortalDashboardPage.jsx","PortalDashboardPage","/portal","exact","primary","task_surface","none","Canonical or contextual product surface."
"client_or_passenger_portal","frontend/src/pages/portal/PortalDocumentDetailPage.jsx","PortalDocumentDetailPage","dynamic route in frontend/src/routes/RoutedApplication.jsx","dynamic","contextual","contextual_detail","none","Canonical or contextual product surface."
"client_or_passenger_portal","frontend/src/pages/portal/PortalDocumentsPage.jsx","PortalDocumentsPage","/portal/documents","exact","primary","task_surface","none","Canonical or contextual product surface."
"client_or_passenger_portal","frontend/src/pages/portal/PortalEmdDetailPage.jsx","PortalEmdDetailPage","dynamic route in frontend/src/routes/RoutedApplication.jsx","dynamic","contextual","contextual_detail","none","Canonical or contextual product surface."
"client_or_passenger_portal","frontend/src/pages/portal/PortalEmdsPage.jsx","PortalEmdsPage","/portal/emds","exact","contextual","contextual_detail","none","Canonical or contextual product surface."
"client_or_passenger_portal","frontend/src/pages/portal/PortalFinancePage.jsx","PortalFinancePage","/portal/finance","exact","primary","task_surface","none","Canonical or contextual product surface."
"client_or_passenger_portal","frontend/src/pages/portal/PortalInvoiceDetailPage.jsx","PortalInvoiceDetailPage","dynamic route in frontend/src/routes/RoutedApplication.jsx","dynamic","contextual","contextual_detail","none","Canonical or contextual product surface."
"client_or_passenger_portal","frontend/src/pages/portal/PortalInvoicesPage.jsx","PortalInvoicesPage","/portal/invoices","exact","contextual","contextual_detail","none","Canonical or contextual product surface."
"client_or_passenger_portal","frontend/src/pages/portal/PortalNotificationsPage.jsx","PortalNotificationsPage","/portal/notifications","exact","primary","task_surface","none","Canonical or contextual product surface."
"client_or_passenger_portal","frontend/src/pages/portal/PortalOfferDeliveriesPage.jsx","PortalOfferDeliveriesPage","/portal/offers | /portal/travel-options","exact","primary","task_surface","none","Compatibility aliases share this page component."
"client_or_passenger_portal","frontend/src/pages/portal/PortalOfferDeliveryDetailPage.jsx","PortalOfferDeliveryDetailPage","dynamic route in frontend/src/routes/RoutedApplication.jsx","dynamic","contextual","contextual_detail","none","Canonical or contextual product surface."
"client_or_passenger_portal","frontend/src/pages/portal/PortalOfferDetailPage.jsx","PortalOfferDetailPage","dynamic route in frontend/src/routes/RoutedApplication.jsx","dynamic","contextual","contextual_detail","none","Canonical or contextual product surface."
"client_or_passenger_portal","frontend/src/pages/portal/PortalOffersPage.jsx","PortalOffersPage","none found","orphan","orphan","orphan_or_unused","none","No route-registry reference found; review before removal."
"client_or_passenger_portal","frontend/src/pages/portal/PortalPassengerDetailPage.jsx","PortalPassengerDetailPage","dynamic route in frontend/src/routes/RoutedApplication.jsx","dynamic","contextual","contextual_detail","none","Canonical or contextual product surface."
"client_or_passenger_portal","frontend/src/pages/portal/PortalPassengersPage.jsx","PortalPassengersPage","/portal/passengers","exact","contextual","contextual_detail","none","Canonical or contextual product surface."
"client_or_passenger_portal","frontend/src/pages/portal/PortalPaymentsPage.jsx","PortalPaymentsPage","/portal/payments","exact","contextual","contextual_detail","none","Canonical or contextual product surface."
"client_or_passenger_portal","frontend/src/pages/portal/PortalProfilePage.jsx","PortalProfilePage","/portal/profile","exact","primary","task_surface","none","Canonical or contextual product surface."
"client_or_passenger_portal","frontend/src/pages/portal/PortalRefundExchangeCaseDetailPage.jsx","PortalRefundExchangeCaseDetailPage","dynamic route in frontend/src/routes/RoutedApplication.jsx","dynamic","contextual","contextual_detail","none","Canonical or contextual product surface."
"client_or_passenger_portal","frontend/src/pages/portal/PortalRefundExchangeCasesPage.jsx","PortalRefundExchangeCasesPage","/portal/refunds-exchanges","exact_and_dynamic","contextual","contextual_detail","none","Canonical or contextual product surface."
"client_or_passenger_portal","frontend/src/pages/portal/PortalRequestCreatePage.jsx","PortalRequestCreatePage","/portal/requests/new","exact_and_dynamic","contextual","contextual_detail","none","Canonical or contextual product surface."
"client_or_passenger_portal","frontend/src/pages/portal/PortalRequestDetailPage.jsx","PortalRequestDetailPage","dynamic route in frontend/src/routes/RoutedApplication.jsx","dynamic","contextual","contextual_detail","none","Canonical or contextual product surface."
"client_or_passenger_portal","frontend/src/pages/portal/PortalRequestsPage.jsx","PortalRequestsPage","/portal/requests","exact","primary","task_surface","none","Canonical or contextual product surface."
"client_or_passenger_portal","frontend/src/pages/portal/PortalTicketDetailPage.jsx","PortalTicketDetailPage","dynamic route in frontend/src/routes/RoutedApplication.jsx","dynamic","contextual","contextual_detail","none","Canonical or contextual product surface."
"client_or_passenger_portal","frontend/src/pages/portal/PortalTicketsPage.jsx","PortalTicketsPage","/portal/tickets","exact","primary","task_surface","none","Canonical or contextual product surface."
"client_or_passenger_portal","frontend/src/pages/portal/PortalTimelinePage.jsx","PortalTimelinePage","/portal/timeline","exact","primary","task_surface","none","Canonical or contextual product surface."
"client_or_passenger_portal","frontend/src/pages/portal/PortalTripDetailPage.jsx","PortalTripDetailPage","dynamic route in frontend/src/routes/RoutedApplication.jsx","dynamic","contextual","contextual_detail","none","Canonical or contextual product surface."
"client_or_passenger_portal","frontend/src/pages/portal/PortalTripsPage.jsx","PortalTripsPage","/portal/trips","exact","primary","task_surface","none","Canonical or contextual product surface."
"public","frontend/src/pages/public/HomePage.jsx","HomePage","/","exact","contextual","foundation_or_metadata","foundation","Canonical or contextual product surface."
"public","frontend/src/pages/public/PublicAgencyWebsitePage.jsx","PublicAgencyWebsitePage","dynamic route in frontend/src/routes/RoutedApplication.jsx","dynamic","contextual","contextual_detail","none","Canonical or contextual product surface."
